date,pen,n_birds,n_alive,age_day,mean_bw_g,feed_intake_g,fi_per_bird_g,visits,station_busy_pct,overlap_events,bin_refills_today,temp_c_target,humidity_avg
2026-08-19,P01,3,3,15,538,229,76,305,21.5,5,0,24,60.0
2026-08-19,P02,5,5,15,507,380,76,508,35.8,17,0,24,57.5
2026-08-19,P03,7,7,15,525,540,77,719,50.6,46,0,24,59.4
2026-08-19,P04,8,8,15,512,577,72,771,54.3,55,0,24,56.2
2026-08-19,P05,10,10,15,502,753,75,1003,70.9,99,0,24,55.2
2026-08-19,P06,12,12,15,508,896,75,1196,84.3,143,0,24,56.5
2026-08-20,P01,3,3,16,587,245,82,295,21.9,6,0,24,55.7
2026-08-20,P02,5,5,16,568,380,76,457,33.7,17,0,24,56.0
2026-08-20,P03,7,7,16,574,571,82,689,50.8,51,0,24,57.1
2026-08-20,P04,8,8,16,567,622,78,750,55.3,60,0,24,56.1
2026-08-20,P05,10,10,16,554,804,80,968,71.5,99,0,24,61.1
2026-08-20,P06,12,12,16,564,975,81,1176,86.8,153,0,24,56.8
2026-08-21,P01,3,3,17,639,245,82,268,20.7,8,0,23,60.0
2026-08-21,P02,5,5,17,618,436,87,477,36.7,24,0,23,56.3
2026-08-21,P03,7,7,17,638,593,85,647,49.9,44,0,23,56.8
2026-08-21,P04,8,8,17,622,648,81,710,54.6,56,0,23,55.9
2026-08-21,P05,10,10,17,603,845,84,924,71.5,111,0,23,56.3
2026-08-21,P06,12,12,17,612,1050,88,1149,88.8,161,0,23,53.8
2026-08-22,P01,3,3,18,702,256,85,255,20.5,6,0,23,56.1
2026-08-22,P02,5,5,18,685,418,84,418,33.7,25,0,23,56.1
2026-08-22,P03,7,7,18,700,576,82,576,46.4,48,0,23,59.4
2026-08-22,P04,8,8,18,677,713,89,711,57.3,71,0,23,58.2
2026-08-22,P05,10,10,18,663,912,91,911,73.3,104,0,23,57.2
2026-08-22,P06,12,12,18,673,1122,94,1121,90.2,158,0,23,56.2
2026-08-23,P01,3,3,19,784,274,91,251,21.0,8,0,23,57.4
2026-08-23,P02,5,5,19,749,460,92,420,35.4,28,0,23,55.8
2026-08-23,P03,7,7,19,764,666,95,609,51.2,57,0,23,57.2
2026-08-23,P04,8,8,19,743,810,101,740,62.3,86,0,23,57.2
2026-08-23,P05,10,10,19,734,987,99,902,75.8,117,0,23,56.2
2026-08-23,P06,12,12,19,742,1190,99,1090,91.4,166,0,23,57.6
2026-08-24,P01,3,3,20,842,271,90,227,19.8,6,0,22,52.5
2026-08-24,P02,5,5,20,801,501,100,422,36.7,25,0,22,55.4
2026-08-24,P03,7,7,20,835,735,105,617,53.8,59,0,22,55.3
2026-08-24,P04,8,8,20,808,778,97,654,57.1,64,0,22,56.6
2026-08-24,P05,10,10,20,791,1033,103,867,75.8,111,0,22,56.7
2026-08-24,P06,12,12,20,813,1281,107,1078,93.9,173,0,22,56.8
2026-08-25,P01,3,3,21,908,348,116,270,24.3,14,0,22,54.8
2026-08-25,P02,5,5,21,864,543,109,420,38.1,31,0,22,54.5
2026-08-25,P03,7,7,21,901,799,114,620,55.9,56,0,22,53.4
2026-08-25,P04,8,8,21,871,912,114,709,64.0,81,0,22,54.0
2026-08-25,P05,10,10,21,854,1140,114,886,80.1,127,0,22,56.4
2026-08-25,P06,12,12,21,883,1331,111,1032,93.4,178,0,22,57.2
2026-08-26,P01,3,3,22,994,335,112,241,22.6,10,0,22,55.4
2026-08-26,P02,5,5,22,943,586,117,420,39.4,29,0,22,53.4
2026-08-26,P03,7,7,22,958,800,114,576,54.0,70,0,22,57.8
2026-08-26,P04,8,8,22,935,964,121,692,64.9,83,0,22,57.8
2026-08-26,P05,10,10,22,930,1090,109,783,73.4,110,0,22,59.0
2026-08-26,P06,12,12,22,940,1373,114,986,92.3,169,0,22,53.7
2026-08-27,P01,3,3,23,1061,344,115,229,22.2,8,0,21,56.1
2026-08-27,P02,5,5,23,1012,603,121,402,39.0,29,0,22,58.9
2026-08-27,P03,7,7,23,1055,866,124,577,56.0,77,0,21,55.3
2026-08-27,P04,8,8,23,1005,946,118,631,61.2,84,0,22,56.4
2026-08-27,P05,10,10,23,989,1200,120,799,77.7,130,0,22,58.9
2026-08-27,P06,12,12,23,1028,1458,121,971,94.3,182,0,21,59.8
2026-08-28,P01,3,3,24,1169,382,127,237,23.9,14,0,21,54.0
2026-08-28,P02,5,5,24,1104,616,123,383,38.4,27,0,21,55.0
2026-08-28,P03,7,7,24,1117,938,134,581,58.3,73,0,21,57.1
2026-08-28,P04,8,8,24,1086,964,120,597,60.1,85,0,21,54.8
2026-08-28,P05,10,10,24,1059,1207,121,747,74.9,109,0,21,53.8
2026-08-28,P06,12,12,24,1094,1564,130,969,97.5,183,0,21,55.4
2026-08-29,P01,3,3,25,1228,421,140,244,25.3,13,0,21,57.2
2026-08-29,P02,5,5,25,1162,654,131,378,39.3,25,0,21,55.3
2026-08-29,P03,7,7,25,1226,939,134,544,56.4,69,0,21,58.5
2026-08-29,P04,8,8,25,1179,1006,126,582,60.4,74,0,21,56.9
2026-08-29,P05,10,10,25,1136,1309,131,758,78.3,116,0,21,59.4
2026-08-29,P06,12,12,25,1171,1655,138,958,99.2,193,0,21,57.3
2026-08-30,P01,3,3,26,1323,386,129,209,22.4,9,0,20,58.5
2026-08-30,P02,5,5,26,1245,633,127,343,36.6,22,0,21,57.6
2026-08-30,P03,7,7,26,1305,1049,150,567,60.7,69,0,20,57.2
2026-08-30,P04,8,8,26,1245,1097,137,593,63.4,91,0,21,54.8
2026-08-30,P05,10,10,26,1219,1351,135,729,78.1,131,0,21,60.7
2026-08-30,P06,12,12,26,1256,1729,144,934,100.1,193,0,20,56.6
2026-08-31,P01,3,3,27,1401,445,148,226,24.9,18,0,20,58.1
2026-08-31,P02,5,5,27,1312,704,141,357,39.2,36,0,20,57.8
2026-08-31,P03,7,7,27,1398,918,131,466,50.9,67,0,20,59.7
2026-08-31,P04,8,8,27,1325,1163,145,590,64.9,84,0,20,58.5
2026-08-31,P05,10,10,27,1280,1484,148,752,82.9,150,0,20,59.0
2026-08-31,P06,12,12,27,1324,1740,145,880,97.3,173,1,20,57.1
2026-09-01,P01,3,3,28,1477,454,151,216,24.4,11,0,20,59.2
2026-09-01,P02,5,5,28,1390,723,145,345,39.1,38,0,20,60.5
2026-09-01,P03,7,7,28,1458,1081,154,515,58.4,66,0,20,57.5
2026-09-01,P04,8,8,28,1388,1153,144,549,62.5,75,0,20,59.2
2026-09-01,P05,10,10,28,1383,1451,145,691,78.3,121,0,20,57.7
2026-09-01,P06,12,12,28,1421,1800,150,858,97.4,184,0,20,59.4
2026-09-02,P01,3,3,29,1571,520,173,233,27.2,16,0,20,58.5
2026-09-02,P02,5,5,29,1474,729,146,327,37.8,33,0,20,57.8
2026-09-02,P03,7,7,29,1536,1044,149,468,54.4,59,0,20,60.1
2026-09-02,P04,8,8,29,1486,1185,148,531,62.0,79,0,20,58.1
2026-09-02,P05,10,10,29,1464,1509,151,677,78.9,129,1,20,60.0
2026-09-02,P06,12,12,29,1493,2009,167,899,104.6,201,0,20,57.9
2026-09-03,P01,3,3,30,1659,496,165,210,25.0,17,0,20,58.8
2026-09-03,P02,5,5,30,1553,753,151,318,38.1,29,0,20,57.7
2026-09-03,P03,7,7,30,1658,1169,167,493,59.3,77,0,20,61.5
2026-09-03,P04,8,8,30,1562,1308,163,552,66.2,93,0,20,59.3
2026-09-03,P05,10,10,30,1544,1553,155,657,78.4,125,0,20,60.3
2026-09-03,P06,12,12,30,1583,2022,168,851,102.5,198,0,20,61.1
2026-09-04,P01,3,3,31,1743,510,170,203,24.9,13,0,20,60.8
2026-09-04,P02,5,5,31,1653,762,152,304,37.5,29,0,20,60.2
2026-09-04,P03,7,7,31,1723,1180,169,471,57.7,71,0,20,60.8
2026-09-04,P04,8,8,31,1652,1379,172,549,66.8,92,1,20,59.2
2026-09-04,P05,10,10,31,1617,1619,162,646,79.3,136,0,20,59.1
2026-09-04,P06,12,12,31,1667,2177,181,869,106.5,196,0,20,61.7
2026-09-05,P01,3,3,32,1808,534,178,202,25.4,17,0,20,62.3
2026-09-05,P02,5,5,32,1747,838,168,316,39.8,40,0,20,62.2
2026-09-05,P03,7,7,32,1802,1264,181,477,60.0,73,0,20,63.4
2026-09-05,P04,8,8,32,1761,1298,162,489,61.9,82,0,20,62.8
2026-09-05,P05,10,10,32,1694,1573,157,593,74.0,113,0,20,63.3
2026-09-05,P06,12,12,32,1754,2176,181,822,102.5,195,0,20,63.3
2026-09-06,P01,3,3,33,1943,596,199,212,27.4,16,0,20,61.5
2026-09-06,P02,5,5,33,1817,857,171,306,39.3,38,0,20,59.8
2026-09-06,P03,7,7,33,1930,1261,180,450,57.8,65,1,20,63.3
2026-09-06,P04,8,8,33,1836,1426,178,509,65.8,89,0,20,64.0
2026-09-06,P05,10,10,33,1783,1712,171,610,78.9,127,0,20,60.9
2026-09-06,P06,12,12,33,1843,2155,180,770,99.7,171,0,20,62.5
2026-09-07,P01,3,3,34,2067,547,182,186,24.6,17,0,20,62.9
2026-09-07,P02,5,5,34,1895,864,173,292,38.5,32,0,20,62.5
2026-09-07,P03,7,7,34,2010,1339,191,453,60.2,59,0,20,60.6
2026-09-07,P04,8,8,34,1919,1483,185,501,66.1,89,0,20,61.7
2026-09-07,P05,10,10,34,1854,1743,174,591,77.8,128,0,20,62.6
2026-09-07,P06,12,12,34,1928,2269,189,768,101.3,185,0,20,64.8
2026-09-08,P01,3,3,35,2110,480,160,154,20.8,6,0,20,63.1
2026-09-08,P02,5,5,35,1980,918,184,296,39.1,30,0,20,64.7
2026-09-08,P03,7,7,35,2109,1296,185,416,56.5,63,0,20,64.6
2026-09-08,P04,8,8,35,2007,1520,190,490,66.3,101,0,20,63.6
2026-09-08,P05,10,10,35,1966,1732,173,557,75.2,111,0,20,63.9
2026-09-08,P06,12,12,35,2024,2275,190,732,98.9,186,0,20,64.6
2026-09-09,P01,3,3,36,2226,517,172,158,21.9,17,0,20,61.8
2026-09-09,P02,5,5,36,2093,941,188,288,40.1,35,0,20,62.7
2026-09-09,P03,7,7,36,2222,1279,183,391,54.1,66,0,20,61.5
2026-09-09,P04,8,8,36,2102,1663,208,508,70.2,82,0,20,65.4
2026-09-09,P05,10,10,36,2048,1921,192,587,81.1,132,0,20,63.1
2026-09-09,P06,12,12,36,2113,2347,196,718,99.9,193,0,20,63.5
2026-09-10,P01,3,3,37,2380,571,190,166,23.4,12,0,20,62.7
2026-09-10,P02,5,5,37,2162,988,198,288,40.9,43,0,20,62.2
2026-09-10,P03,7,7,37,2329,1441,206,419,59.5,71,0,20,61.6
2026-09-10,P04,8,8,37,2169,1469,184,428,60.3,83,0,20,63.8
2026-09-10,P05,10,10,37,2131,2002,200,583,81.2,137,0,20,65.6
2026-09-10,P06,12,12,37,2208,2436,203,710,99.9,172,1,20,63.6
2026-09-11,P01,3,3,38,2370,635,212,177,25.7,17,0,20,63.9
2026-09-11,P02,5,5,38,2277,977,195,272,39.0,32,1,20,60.8
2026-09-11,P03,7,7,38,2383,1344,192,373,53.7,65,0,20,63.9
2026-09-11,P04,8,8,38,2254,1658,207,461,66.2,93,0,20,64.6
2026-09-11,P05,10,10,38,2198,1976,198,549,80.0,124,0,20,64.0
2026-09-11,P06,12,12,38,2301,2335,195,648,92.3,174,0,20,63.5
2026-09-12,P01,3,3,39,2519,620,207,164,24.2,14,0,20,63.0
2026-09-12,P02,5,5,39,2343,1012,202,268,39.1,33,0,20,61.3
2026-09-12,P03,7,7,39,2489,1361,194,360,52.3,63,0,20,63.0
2026-09-12,P04,8,8,39,2356,1705,213,451,66.7,85,0,20,63.0
2026-09-12,P05,10,10,39,2292,1991,199,528,77.0,113,0,20,66.4
2026-09-12,P06,12,12,39,2385,2774,231,737,108.0,206,0,20,63.1
2026-09-13,P01,3,3,40,2638,623,208,157,23.8,14,0,20,63.3
2026-09-13,P02,5,5,40,2403,955,191,243,36.9,23,0,20,62.8
2026-09-13,P03,7,7,40,2586,1490,213,378,57.4,61,0,20,64.5
2026-09-13,P04,8,8,40,2455,1653,207,417,62.6,76,0,20,64.7
2026-09-13,P05,10,10,40,2386,2025,202,512,77.3,120,0,20,66.1
2026-09-13,P06,12,12,40,2475,2528,211,639,96.2,177,0,20,63.0
2026-09-14,P01,3,3,41,2737,629,210,153,23.3,6,0,20,63.5
2026-09-14,P02,5,5,41,2508,1029,206,249,38.6,38,0,20,62.7
2026-09-14,P03,7,7,41,2693,1557,222,376,57.8,73,0,20,62.6
2026-09-14,P04,8,8,41,2529,1657,207,402,60.6,83,0,20,66.6
2026-09-14,P05,10,10,41,2484,2062,206,498,75.9,112,1,20,62.9
2026-09-14,P06,12,12,41,2560,2470,206,600,92.0,159,0,20,63.8
2026-09-15,P01,3,3,42,2821,642,214,148,23.4,11,0,20,62.1
2026-09-15,P02,5,5,42,2631,1149,230,266,41.7,37,0,20,62.9
2026-09-15,P03,7,7,42,2791,1523,218,352,54.6,71,0,20,64.2
2026-09-15,P04,8,8,42,2624,1662,208,386,60.6,78,0,20,60.8
2026-09-15,P05,10,10,42,2579,2045,204,473,73.2,109,0,20,62.9
2026-09-15,P06,12,12,42,2625,2593,216,600,93.1,166,0,20,63.4
2026-09-16,P01,3,3,43,2904,649,216,144,21.8,10,0,20,64.7
2026-09-16,P02,5,5,43,2694,1017,203,226,35.7,28,0,20,61.3
2026-09-16,P03,7,7,43,2899,1564,223,347,55.5,63,0,20,62.3
2026-09-16,P04,8,8,43,2702,1617,202,360,56.9,75,0,20,61.5
2026-09-16,P05,10,10,43,2650,2186,219,486,77.0,119,0,20,64.5
2026-09-16,P06,12,12,43,2745,2554,213,567,89.9,154,0,20,60.8
2026-09-17,P01,3,3,44,3007,653,218,139,22.6,11,0,20,62.1
2026-09-17,P02,5,5,44,2780,1100,220,233,37.9,34,0,20,62.5
2026-09-17,P03,7,7,44,2979,1509,216,322,51.7,54,0,20,60.8
2026-09-17,P04,8,8,44,2798,1677,210,357,57.3,82,0,20,58.1
2026-09-17,P05,10,10,44,2757,2204,220,470,75.8,110,0,20,61.6
2026-09-17,P06,12,12,44,2820,2707,226,577,93.1,165,0,20,63.9
2026-09-18,P01,3,3,45,3065,687,229,140,23.6,18,0,20,63.2
2026-09-18,P02,5,5,45,2863,1142,228,233,38.4,37,0,20,61.2
2026-09-18,P03,7,7,45,3040,1654,236,340,54.0,58,0,20,61.5
2026-09-18,P04,8,8,45,2861,1718,215,352,57.4,68,1,20,60.7
2026-09-18,P05,10,10,45,2811,2245,224,460,73.9,114,0,20,61.8
2026-09-18,P06,12,12,45,2922,2794,233,571,91.8,151,0,20,61.7
2026-09-19,P01,3,3,46,3190,577,192,113,19.0,10,0,20,59.4
2026-09-19,P02,5,5,46,2951,1130,226,223,36.8,24,0,20,62.1
2026-09-19,P03,7,7,46,3119,1655,236,325,54.1,58,0,20,60.2
2026-09-19,P04,8,8,46,3011,1770,221,347,58.4,79,0,20,61.1
2026-09-19,P05,10,10,46,2882,2384,238,469,78.1,131,0,20,61.3
2026-09-19,P06,12,12,46,2967,2768,231,544,90.3,144,1,20,63.3
2026-09-20,P01,3,3,47,3220,672,224,127,21.0,14,1,20,62.1
2026-09-20,P02,5,5,47,2998,1129,226,213,36.5,31,0,20,61.4
2026-09-20,P03,7,7,47,3212,1602,229,302,50.3,56,0,20,60.2
2026-09-20,P04,8,8,47,3053,1766,221,333,56.7,64,0,20,62.5
2026-09-20,P05,10,10,47,2981,2153,215,406,69.9,101,0,20,59.6
2026-09-20,P06,12,12,47,3087,2828,236,532,90.0,150,0,20,61.7
2026-09-21,P01,3,3,48,3290,684,228,124,21.2,7,0,20,62.3
2026-09-21,P02,5,5,48,3087,1042,208,190,32.2,21,0,20,59.9
2026-09-21,P03,7,7,48,3345,1597,228,292,50.2,49,1,20,57.8
2026-09-21,P04,8,8,48,3155,1865,233,339,58.1,74,0,20,59.4
2026-09-21,P05,10,10,48,3036,2316,232,419,71.5,99,0,20,61.1
2026-09-21,P06,12,12,48,3203,2923,244,530,91.6,143,0,20,62.9
2026-09-22,P01,3,3,49,3441,695,232,122,21.6,13,0,20,61.7
2026-09-22,P02,5,5,49,3203,1139,228,200,34.7,27,0,20,58.9
2026-09-22,P03,7,7,49,3434,1655,236,290,50.1,61,0,20,59.5
2026-09-22,P04,8,8,49,3264,1902,238,332,58.6,69,0,20,59.3
2026-09-22,P05,10,10,49,3145,2297,230,402,69.2,97,0,20,58.4
2026-09-22,P06,12,12,49,3241,2715,226,475,81.8,122,0,20,60.3
2026-09-23,P01,3,3,50,3530,644,215,108,19.4,10,0,20,58.8
2026-09-23,P02,5,5,50,3234,1187,237,199,34.7,26,0,20,59.1
2026-09-23,P03,7,7,50,3537,1688,241,283,49.2,41,0,20,59.1
2026-09-23,P04,8,8,50,3360,1855,232,312,55.4,58,0,20,57.3
2026-09-23,P05,10,10,50,3215,2299,230,387,69.0,86,0,20,60.4
2026-09-23,P06,12,12,50,3338,2825,235,476,82.5,129,0,20,60.9
2026-09-24,P01,3,3,51,3600,680,227,111,19.3,11,0,20,59.2
2026-09-24,P02,5,5,51,3316,1096,219,179,32.1,29,0,20,61.2
2026-09-24,P03,7,7,51,3599,1711,244,278,49.7,56,0,20,60.4
2026-09-24,P04,8,8,51,3392,1744,218,283,50.8,48,0,20,59.7
2026-09-24,P05,10,10,51,3289,2465,246,402,72.9,102,1,20,57.4
2026-09-24,P06,12,12,51,3448,2932,244,476,83.9,146,0,20,59.9
2026-09-25,P01,3,3,52,3752,584,195,92,16.8,12,0,20,61.9
2026-09-25,P02,5,5,52,3430,1175,235,184,32.8,19,0,20,60.2
2026-09-25,P03,7,7,52,3680,1820,260,285,52.7,54,0,20,58.8
2026-09-25,P04,8,8,52,3466,1867,233,294,53.5,66,0,20,59.4
2026-09-25,P05,10,10,52,3368,2252,225,354,65.9,81,0,20,60.6
2026-09-25,P06,12,12,52,3538,2947,246,462,84.7,135,0,20,61.4
2026-09-26,P01,3,3,53,3799,676,225,102,18.7,8,0,20,61.8
2026-09-26,P02,5,5,53,3526,1177,235,178,33.0,23,0,20,59.2
2026-09-26,P03,7,7,53,3747,1649,236,250,46.2,52,0,20,60.5
2026-09-26,P04,8,8,53,3575,1865,233,282,51.5,54,0,20,60.6
2026-09-26,P05,10,10,53,3470,2397,240,364,66.5,92,0,20,60.7
2026-09-26,P06,12,12,53,3610,3046,254,461,83.1,136,0,20,60.1
2026-09-27,P01,3,3,54,4003,760,253,111,21.3,12,0,20,57.7
2026-09-27,P02,5,5,54,3566,1190,238,175,32.1,23,0,20,60.3
2026-09-27,P03,7,7,54,3896,1591,227,233,43.4,39,0,20,59.7
2026-09-27,P04,8,8,54,3684,1798,225,264,48.9,46,0,20,58.5
2026-09-27,P05,10,10,54,3507,2369,237,347,64.9,84,0,20,60.2
2026-09-27,P06,12,12,54,3681,2892,241,424,80.1,126,1,20,58.0
2026-09-28,P01,3,3,55,3940,726,242,103,19.2,11,0,20,60.6
2026-09-28,P02,5,5,55,3685,1140,228,160,30.4,21,0,20,60.5
2026-09-28,P03,7,7,55,3951,1759,251,249,47.3,44,0,20,57.7
2026-09-28,P04,8,8,55,3724,1857,232,262,49.6,44,0,20,60.5
2026-09-28,P05,10,10,55,3584,2260,226,319,58.1,76,0,20,60.3
2026-09-28,P06,12,12,55,3748,2863,239,406,75.9,112,0,20,62.3
2026-09-29,P01,3,3,56,4062,714,238,97,17.7,10,0,20,61.4
2026-09-29,P02,5,5,56,3733,1169,234,160,29.8,25,0,20,62.2
2026-09-29,P03,7,7,56,4009,1761,252,241,45.6,44,0,20,61.0
2026-09-29,P04,8,8,56,3747,1896,237,259,48.5,53,0,20,60.6
2026-09-29,P05,10,10,56,3710,2428,243,332,63.4,67,0,20,60.6
2026-09-29,P06,12,12,56,3830,2896,241,395,75.3,100,0,20,58.1
2026-09-30,P01,3,3,57,4138,735,245,99,18.3,6,0,20,60.4
2026-09-30,P02,5,5,57,3770,1157,231,155,30.3,20,0,20,62.7
2026-09-30,P03,7,7,57,4115,1593,228,214,41.2,36,0,20,60.7
2026-09-30,P04,8,8,57,3902,1930,241,259,49.5,49,1,20,59.9
2026-09-30,P05,10,10,57,3736,2364,236,319,60.1,73,0,20,60.1
2026-09-30,P06,12,12,57,3924,3067,256,412,79.2,105,0,20,62.4
2026-10-01,P01,3,3,58,4214,609,203,80,15.2,4,0,20,64.6
2026-10-01,P02,5,5,58,3868,1210,242,160,30.3,21,1,20,63.6
2026-10-01,P03,7,7,58,4242,1606,229,211,40.6,40,0,20,64.3
2026-10-01,P04,8,8,58,3942,2017,252,266,51.1,56,0,20,60.3
2026-10-01,P05,10,10,58,3828,2493,249,330,63.6,85,0,20,60.5
2026-10-01,P06,12,12,58,3993,3048,254,403,77.2,99,0,20,62.4
2026-10-02,P01,3,3,59,4282,757,252,99,18.8,6,0,20,61.0
2026-10-02,P02,5,4,59,3959,992,248,129,24.3,17,0,20,63.5
2026-10-02,P03,7,7,59,4251,1717,245,223,42.9,37,0,20,61.6
2026-10-02,P04,8,8,59,4011,2004,251,262,50.5,55,0,20,63.1
2026-10-02,P05,10,10,59,3883,2444,244,319,59.9,75,0,20,61.2
2026-10-02,P06,12,12,59,4063,2925,244,380,73.6,120,0,20,63.5
2026-10-03,P01,3,3,60,4366,716,239,92,17.8,2,0,20,65.4
2026-10-03,P02,5,4,60,3990,913,228,117,21.7,5,0,20,62.5
2026-10-03,P03,7,7,60,4326,1719,246,220,42.7,34,0,20,61.7
2026-10-03,P04,8,8,60,4077,1930,241,247,46.8,44,0,20,64.6
2026-10-03,P05,10,10,60,3977,2363,236,303,59.5,65,1,20,63.7
2026-10-03,P06,12,12,60,4176,2857,238,366,70.9,99,0,20,62.8
